[
  {
    "question": "What is BridgeIT?",
    "answer": "BridgeIT is a platform that connects academia and industry in Pakistan by fostering collaboration on real-world projects."
  },
  {
    "question": "How can students benefit from BridgeIT?",
    "answer": "Students can gain real-world project experience, connect with industry experts, and showcase their projects to potential employers."
  },
  {
    "question": "What does the platform offer for industry professionals?",
    "answer": "Industry professionals can post project requirements, collaborate with students and faculty, and even purchase completed final year projects."
  },
  {
    "question": "How does project matching work?",
    "answer": "Our AI-powered project matching system suggests projects to students based on their skills and interests."
  },
  {
    "question": "What future innovations are planned?",
    "answer": "Future innovations include micro-credentialing, mentorship opportunities, and expanding collaboration with industry partners."
  },
  {
    "question": "What user roles are available on BridgeIT?",
    "answer": "BridgeIT supports three main user roles: Students, Faculty, and Industry Professionals, each with specific functionalities."
  },
  {
    "question": "What features are available for students?",
    "answer": "Students can browse projects, submit proposals, connect with faculty and industry experts, and receive feedback on their work."
  },
  {
    "question": "What features are available for faculty?",
    "answer": "Faculty members can assign projects to students, provide mentorship, and evaluate student performance on their projects."
  },
  {
    "question": "How can industry professionals get involved?",
    "answer": "Industry professionals can mentor students, provide project ideas, and assess student submissions for potential recruitment."
  },
  {
    "question": "What kind of projects are listed on BridgeIT?",
    "answer": "Projects listed on BridgeIT range from academic assignments to real-world industry challenges that students can work on."
  },
  {
    "question": "Is there a cost to use BridgeIT?",
    "answer": "The platform is free for students and faculty. Industry professionals may incur costs associated with specific features or services."
  },
  {
    "question": "How does BridgeIT ensure project quality?",
    "answer": "BridgeIT employs a review system where projects are evaluated by faculty and industry experts to maintain high standards."
  },
  {
    "question": "Can students work on multiple projects simultaneously?",
    "answer": "Yes, students can work on multiple projects, but they must manage their time effectively to meet deadlines."
  },
  {
    "question": "How does feedback work on the platform?",
    "answer": "Students receive feedback from faculty and industry experts on their project submissions to improve their skills."
  },
  {
    "question": "What is the goal of BridgeIT?",
    "answer": "The goal of BridgeIT is to enhance learning experiences for students by bridging the gap between academic theory and practical application."
  },
  {
    "question": "How do I get started on BridgeIT?",
    "answer": "To get started, simply sign up on our platform, create a profile, and start exploring available projects."
  },
  {
    "question": "What types of support does BridgeIT provide for students?",
    "answer": "BridgeIT provides mentorship, project guidance, and access to resources to help students succeed in their projects."
  },
  {
    "question": "How can I contact support for BridgeIT?",
    "answer": "You can contact support through the 'Help' section on the website or email us at support@bridgeit.com."
  }
]
